feature,importance,std
cp,0.08048780487804878,0.014836006171459058
ca,0.07186991869918698,0.015319109870977383
thal,0.05024390243902442,0.009604513447559245
oldpeak,0.03186991869918702,0.009318080508549213
trestbps,0.01544715447154473,0.0035809293569992293
sex,0.014471544715447168,0.007067093922634391
exang,0.013170731707317085,0.00536585365853659
age,0.011544715447154482,0.005972152088522593
thalach,0.008130081300813016,0.005392885837976265
chol,0.0052032520325203295,0.003969611582352427
restecg,0.0,0.0
fbs,0.0,0.0
slope,0.0,0.0
