feature,group,importance,ci_low,ci_high
ca,Overall,0.06448087431693987,,
thal,Overall,0.038797814207650265,,
sex,Overall,0.028415300546448086,,
oldpeak,Overall,0.009836065573770503,,
exang,Overall,0.009836065573770503,,
slope,Overall,0.0016393442622950837,,
thalach,Overall,0.0,,
fbs,Overall,0.0,,
restecg,Overall,0.0,,
trestbps,Overall,-0.0021857923497267786,,
chol,Overall,-0.0038251366120218623,,
age,Overall,-0.0049180327868852515,,
cp,Overall,-0.015300546448087437,,
ca,Male,0.06124031007751936,-0.00465116279069765,0.1419767441860464
oldpeak,Male,0.04108527131782946,-0.03720930232558139,0.0722093023255813
chol,Male,0.03488372093023253,-0.03255813953488369,0.06511627906976744
exang,Male,0.02325581395348832,-0.027906976744186008,0.0536046511627906
age,Male,0.0217054263565891,-0.027906976744186095,0.07441860465116282
thalach,Male,0.014728682170542596,-0.05581395348837215,0.07906976744186049
slope,Male,0.0077519379844960936,-0.023255813953488313,0.04651162790697675
thal,Male,0.0077519379844960936,-0.044302325581395366,0.04651162790697674
sex,Male,0.0,0.0,0.0
fbs,Male,0.0,-0.018604651162790732,0.027906976744186032
restecg,Male,0.0,-0.03034883720930231,0.03034883720930223
cp,Male,-0.0031007751937984812,-0.06511627906976741,0.06290697674418592
trestbps,Male,-0.006976744186046528,-0.04895348837209305,0.04651162790697673
exang,Female,0.0351851851851852,-0.06666666666666668,0.08361111111111087
thal,Female,0.01481481481481482,0.0,0.10000000000000005
slope,Female,0.003703703703703705,-0.04444444444444447,0.08888888888888884
age,Female,0.0018518518518518526,-0.05027777777777773,0.06666666666666665
sex,Female,0.0,0.0,0.0
thalach,Female,0.0,-0.05555555555555558,0.05555555555555558
restecg,Female,0.0,-0.04444444444444447,0.04444444444444447
chol,Female,0.0,-0.04444444444444447,0.022222222222222233
fbs,Female,0.0,-0.011111111111111117,0.011111111111111117
trestbps,Female,-0.03148148148148149,-0.0777777777777778,0.03333333333333335
oldpeak,Female,-0.0388888888888889,-0.06666666666666668,0.05555555555555558
cp,Female,-0.04444444444444443,-0.10000000000000002,0.03333333333333335
ca,Female,-0.046296296296296315,-0.05555555555555558,0.05555555555555558
